-- phpMyAdmin SQL Dump
-- version 4.0.10deb1
-- http://www.phpmyadmin.net
--
-- Servidor: localhost
-- Tiempo de generación: 05-05-2016 a las 20:21:12
-- Versión del servidor: 5.5.47-0ubuntu0.14.04.1
-- Versión de PHP: 5.6.19-1+deb.sury.org~trusty+1

SET SQL_MODE = "NO_AUTO_VALUE_ON_ZERO";
SET time_zone = "+00:00";


/*!40101 SET @OLD_CHARACTER_SET_CLIENT=@@CHARACTER_SET_CLIENT */;
/*!40101 SET @OLD_CHARACTER_SET_RESULTS=@@CHARACTER_SET_RESULTS */;
/*!40101 SET @OLD_COLLATION_CONNECTION=@@COLLATION_CONNECTION */;
/*!40101 SET NAMES utf8 */;

--
-- Base de datos: `db_proyecto`
--

-- --------------------------------------------------------

--
-- Estructura de tabla para la tabla `ajuste`
--

CREATE TABLE IF NOT EXISTS `ajuste` (
  `id` int(11) NOT NULL AUTO_INCREMENT,
  `clave` varchar(100) NOT NULL,
  `valor` varchar(255) NOT NULL,
  PRIMARY KEY (`id`)
) ENGINE=InnoDB  DEFAULT CHARSET=utf8 AUTO_INCREMENT=4 ;

--
-- Volcado de datos para la tabla `ajuste`
--

INSERT INTO `ajuste` (`id`, `clave`, `valor`) VALUES
(1, 'webapp_aldea', 'CARMEN FERRER ORTIZ'),
(2, 'webapp_title', 'SISTEMA DE RECORD DE NOTAS'),
(3, 'webapp_description', 'EL SISTEMA DE INFORMACIÓN PARA EL RÉCORD DE NOTAS DE LOS ESTUDIANTES ALDEA UNIVERSITARIA');

-- --------------------------------------------------------

--
-- Estructura de tabla para la tabla `aldea`
--

CREATE TABLE IF NOT EXISTS `aldea` (
  `aldea_codi` varchar(10) NOT NULL,
  `parroq_codi` varchar(10) DEFAULT NULL,
  `aldea_nomb` varchar(100) NOT NULL,
  `aldea_actual` tinyint(1) NOT NULL,
  PRIMARY KEY (`aldea_codi`),
  KEY `IDX_7E614C8BC384E832` (`parroq_codi`)
) ENGINE=InnoDB DEFAULT CHARSET=utf8;

--
-- Volcado de datos para la tabla `aldea`
--

INSERT INTO `aldea` (`aldea_codi`, `parroq_codi`, `aldea_nomb`, `aldea_actual`) VALUES
('23150102', '231501', 'CARMEN FERRER ORTIZ', 1);

-- --------------------------------------------------------

--
-- Estructura de tabla para la tabla `aldea_coord`
--

CREATE TABLE IF NOT EXISTS `aldea_coord` (
  `id` int(11) NOT NULL AUTO_INCREMENT,
  `persona_cedu` varchar(15) DEFAULT NULL,
  `aldea_codi` varchar(10) DEFAULT NULL,
  PRIMARY KEY (`id`),
  KEY `IDX_D111470EA856AC28` (`persona_cedu`),
  KEY `IDX_D111470ECCDB9FC1` (`aldea_codi`)
) ENGINE=InnoDB  DEFAULT CHARSET=utf8 AUTO_INCREMENT=2 ;

--
-- Volcado de datos para la tabla `aldea_coord`
--

INSERT INTO `aldea_coord` (`id`, `persona_cedu`, `aldea_codi`) VALUES
(1, '14370054', '23150102');

-- --------------------------------------------------------

--
-- Estructura de tabla para la tabla `aldea_turno`
--

CREATE TABLE IF NOT EXISTS `aldea_turno` (
  `id` int(11) NOT NULL AUTO_INCREMENT,
  `aldea_codi` varchar(10) DEFAULT NULL,
  `turn_id` int(11) DEFAULT NULL,
  PRIMARY KEY (`id`),
  KEY `IDX_592E0F91CCDB9FC1` (`aldea_codi`),
  KEY `IDX_592E0F911F4F9889` (`turn_id`)
) ENGINE=InnoDB  DEFAULT CHARSET=utf8 AUTO_INCREMENT=2 ;

--
-- Volcado de datos para la tabla `aldea_turno`
--

INSERT INTO `aldea_turno` (`id`, `aldea_codi`, `turn_id`) VALUES
(1, '23150102', 1);

-- --------------------------------------------------------

--
-- Estructura de tabla para la tabla `docente`
--

CREATE TABLE IF NOT EXISTS `docente` (
  `id` int(11) NOT NULL AUTO_INCREMENT,
  `persona_cedu` varchar(15) DEFAULT NULL,
  PRIMARY KEY (`id`),
  KEY `IDX_E394F139A856AC28` (`persona_cedu`)
) ENGINE=InnoDB  DEFAULT CHARSET=utf8 AUTO_INCREMENT=13 ;

--
-- Volcado de datos para la tabla `docente`
--

INSERT INTO `docente` (`id`, `persona_cedu`) VALUES
(1, '10543941'),
(2, '11564980'),
(3, '12212841'),
(4, '12657985'),
(5, '14050875'),
(6, '14675897'),
(7, '16785364'),
(8, '17177047'),
(9, '17654050'),
(10, '18641952'),
(11, '18875050'),
(12, '18875883');

-- --------------------------------------------------------

--
-- Estructura de tabla para la tabla `estado`
--

CREATE TABLE IF NOT EXISTS `estado` (
  `edo_codi` varchar(10) NOT NULL,
  `pais_id` varchar(10) NOT NULL,
  `edo_nomb` varchar(100) NOT NULL,
  PRIMARY KEY (`edo_codi`),
  KEY `IDX_265DE1E3C604D5C6` (`pais_id`)
) ENGINE=InnoDB DEFAULT CHARSET=utf8;

--
-- Volcado de datos para la tabla `estado`
--

INSERT INTO `estado` (`edo_codi`, `pais_id`, `edo_nomb`) VALUES
('23', '22', 'ZULIA');

-- --------------------------------------------------------

--
-- Estructura de tabla para la tabla `estudiante`
--

CREATE TABLE IF NOT EXISTS `estudiante` (
  `id` int(11) NOT NULL AUTO_INCREMENT,
  `persona_cedu` varchar(15) DEFAULT NULL,
  `pnf_id` int(11) DEFAULT NULL,
  PRIMARY KEY (`id`),
  KEY `IDX_8FEB7ECCA856AC28` (`persona_cedu`),
  KEY `IDX_8FEB7ECC1BAFD1B3` (`pnf_id`)
) ENGINE=InnoDB  DEFAULT CHARSET=utf8 AUTO_INCREMENT=60 ;

--
-- Volcado de datos para la tabla `estudiante`
--

INSERT INTO `estudiante` (`id`, `persona_cedu`, `pnf_id`) VALUES
(1, '14697066', 1),
(2, '15410809', 1),
(3, '16767818', 1),
(4, '20658050', 1),
(5, '20660142', 1),
(6, '20660753', 1),
(7, '21510884', 1),
(8, '21510904', 1),
(9, '23471661', 1),
(10, '23888171', 1),
(11, '25202636', 1),
(12, '25202642', 1),
(13, '25251152', 1),
(14, '25251356', 1),
(15, '25251357', 1),
(16, '25290814', 1),
(17, '25290998', 1),
(18, '25367568', 1),
(19, '25471741', 1),
(20, '25952220', 1),
(21, '25952221', 1),
(22, '25972558', 1),
(23, '26536743', 1),
(24, '30599191', 1),
(25, '20842247', 4),
(26, '15614594', 4),
(27, '14823351', 4),
(28, '21037370', 4),
(29, '20381839', 4),
(30, '14630144', 4),
(31, '11065813', 4),
(32, '20687586', 4),
(33, '15560189', 4),
(34, '20777775', 4),
(35, '18662914', 4),
(36, '17231413', 4),
(37, '19328162', 2),
(38, '20069709', 2),
(39, '20581937', 2),
(40, '20660016', 2),
(41, '21076090', 2),
(42, '21510903', 2),
(43, '24250674', 2),
(44, '19988978', 1),
(45, '20843115', 1),
(46, '23286903', 1),
(47, '23471632', 1),
(48, '24509159', 1),
(49, '25197443', 1),
(50, '25633515', 1),
(51, '25979015', 1),
(52, '26471194', 1),
(53, '27059292', 2),
(54, '20072093', 2),
(55, '13932490', 2),
(56, '24961293', 2),
(57, '26297221', 2),
(58, '26462053', 2),
(59, '15839770', 2);

-- --------------------------------------------------------

--
-- Estructura de tabla para la tabla `municipio`
--

CREATE TABLE IF NOT EXISTS `municipio` (
  `muni_codi` varchar(10) NOT NULL,
  `edo_codi` varchar(10) DEFAULT NULL,
  `muni_nomb` varchar(100) NOT NULL,
  PRIMARY KEY (`muni_codi`),
  KEY `IDX_FE98F5E09ED65F7A` (`edo_codi`)
) ENGINE=InnoDB DEFAULT CHARSET=utf8;

--
-- Volcado de datos para la tabla `municipio`
--

INSERT INTO `municipio` (`muni_codi`, `edo_codi`, `muni_nomb`) VALUES
('2315', '23', 'GUAJIRA');

-- --------------------------------------------------------

--
-- Estructura de tabla para la tabla `nota`
--

CREATE TABLE IF NOT EXISTS `nota` (
  `nota_id` int(11) NOT NULL AUTO_INCREMENT,
  `cedu` varchar(15) DEFAULT NULL,
  `secc_id` int(11) DEFAULT NULL,
  `nota` int(11) NOT NULL,
  `asist` varchar(4) NOT NULL,
  PRIMARY KEY (`nota_id`),
  KEY `IDX_C8D03E0D6735A52A` (`cedu`),
  KEY `IDX_C8D03E0D76D4C273` (`secc_id`)
) ENGINE=InnoDB  DEFAULT CHARSET=utf8 AUTO_INCREMENT=386 ;

--
-- Volcado de datos para la tabla `nota`
--

INSERT INTO `nota` (`nota_id`, `cedu`, `secc_id`, `nota`, `asist`) VALUES
(1, '14697066', 1, 16, '80'),
(2, '15410809', 1, 17, '82'),
(3, '20660142', 1, 19, '95'),
(4, '20660753', 1, 19, '95'),
(5, '25251152', 1, 18, '92'),
(6, '25251356', 1, 19, '95'),
(7, '25251357', 1, 19, '95'),
(8, '25972558', 1, 19, '96'),
(9, '26536743', 1, 19, '96'),
(10, '30599191', 1, 17, '90'),
(11, '21510884', 8, 13, '76'),
(12, '21510904', 8, 16, '80'),
(13, '23471661', 8, 12, '75'),
(14, '23888171', 8, 12, '76'),
(15, '25202636', 8, 18, '92'),
(16, '25290814', 8, 19, '96'),
(17, '25367568', 8, 18, '90'),
(18, '21510884', 9, 13, '76'),
(19, '21510904', 9, 17, '82'),
(20, '23471661', 9, 12, '76'),
(21, '23888171', 9, 15, '77'),
(22, '25202636', 9, 19, '96'),
(23, '25290814', 9, 19, '96'),
(24, '25367568', 9, 18, '82'),
(25, '21510884', 10, 15, '78'),
(26, '21510904', 10, 17, '80'),
(27, '23471661', 10, 13, '77'),
(28, '23888171', 10, 16, '79'),
(29, '25202636', 10, 19, '96'),
(30, '25290814', 10, 19, '97'),
(31, '25367568', 10, 18, '88'),
(32, '21510884', 11, 12, '76'),
(33, '21510904', 11, 17, '90'),
(34, '23471661', 11, 13, '77'),
(35, '23888171', 11, 14, '79'),
(36, '25202636', 11, 18, '97'),
(37, '25290814', 11, 19, '97'),
(38, '25367568', 11, 17, '89'),
(39, '21510884', 12, 16, '78'),
(40, '21510904', 12, 17, '80'),
(41, '23471661', 12, 16, '79'),
(42, '23888171', 12, 16, '80'),
(43, '25202636', 12, 18, '93'),
(44, '25290814', 12, 18, '94'),
(45, '25367568', 12, 17, '90'),
(46, '25251152', 2, 20, '99'),
(47, '14697066', 2, 13, '78'),
(48, '15410809', 2, 16, '80'),
(49, '20660142', 2, 18, '93'),
(50, '20660753', 2, 19, '98'),
(51, '25251356', 2, 18, '95'),
(52, '25251357', 2, 17, '96'),
(53, '25972558', 2, 20, '99'),
(54, '26536743', 2, 19, '96'),
(55, '30599191', 2, 16, '92'),
(56, '14697066', 3, 14, '87'),
(57, '15410809', 3, 16, '87'),
(58, '20660142', 3, 19, '98'),
(59, '20660753', 3, 19, '99'),
(60, '25251152', 3, 20, '99'),
(61, '25251356', 3, 18, '95'),
(62, '25251357', 3, 18, '96'),
(63, '25972558', 3, 20, '99'),
(64, '26536743', 3, 19, '97'),
(65, '30599191', 3, 18, '95'),
(66, '14697066', 4, 14, '80'),
(67, '15410809', 4, 17, '87'),
(68, '20660142', 4, 18, '95'),
(69, '20660753', 4, 17, '94'),
(70, '25251152', 4, 19, '98'),
(71, '25251356', 4, 17, '95'),
(72, '25251357', 4, 17, '95'),
(73, '25972558', 4, 19, '97'),
(74, '26536743', 4, 18, '96'),
(75, '30599191', 4, 17, '91'),
(76, '14697066', 5, 16, '87'),
(77, '15410809', 5, 17, '89'),
(78, '20660142', 5, 18, '97'),
(79, '20660753', 5, 18, '97'),
(80, '25251152', 5, 17, '92'),
(81, '25251356', 5, 17, '94'),
(82, '25251357', 5, 17, '95'),
(83, '25972558', 5, 19, '99'),
(84, '26536743', 5, 18, '95'),
(85, '30599191', 5, 16, '89'),
(86, '14697066', 6, 15, '87'),
(87, '15410809', 6, 17, '88'),
(88, '20660142', 6, 19, '98'),
(89, '20660753', 6, 19, '98'),
(90, '25251152', 6, 18, '95'),
(91, '25251356', 6, 18, '96'),
(92, '25251357', 6, 18, '97'),
(93, '25972558', 6, 18, '97'),
(94, '26536743', 6, 18, '96'),
(95, '30599191', 6, 15, '89'),
(96, '14697066', 7, 15, '87'),
(97, '15410809', 7, 18, '89'),
(98, '20660142', 7, 18, '97'),
(99, '20660753', 7, 18, '98'),
(100, '25251152', 7, 19, '96'),
(101, '25251356', 7, 17, '93'),
(102, '25251357', 7, 17, '91'),
(103, '25972558', 7, 18, '97'),
(104, '26536743', 7, 17, '96'),
(105, '30599191', 7, 16, '91'),
(106, '25202642', 8, 17, '89'),
(107, '25471741', 8, 14, '82'),
(108, '25202642', 9, 17, '89'),
(109, '25471741', 9, 16, '88'),
(110, '25202642', 11, 15, '89'),
(111, '25471741', 11, 14, '87'),
(112, '25202642', 10, 16, '91'),
(113, '25471741', 10, 15, '82'),
(114, '25202642', 12, 18, '92'),
(115, '25471741', 12, 17, '89'),
(116, '21510884', 13, 12, '78'),
(117, '21510904', 13, 17, '87'),
(118, '23471661', 13, 12, '79'),
(119, '23888171', 13, 13, '84'),
(120, '25202636', 13, 19, '93'),
(121, '25202642', 13, 17, '92'),
(122, '25290814', 13, 19, '98'),
(123, '25367568', 13, 17, '91'),
(124, '25471741', 13, 16, '89'),
(125, '21510884', 14, 14, '87'),
(126, '21510904', 14, 17, '90'),
(127, '23471661', 14, 12, '89'),
(128, '23888171', 14, 13, '89'),
(129, '25202636', 14, 19, '94'),
(130, '25202642', 14, 17, '94'),
(131, '25290814', 14, 19, '97'),
(132, '25367568', 14, 17, '89'),
(133, '25471741', 14, 16, '89'),
(134, '21510884', 22, 12, '79'),
(135, '21510904', 22, 15, '89'),
(136, '23471661', 22, 12, '77'),
(137, '23888171', 22, 12, '77'),
(138, '25202636', 22, 17, '91'),
(139, '25202642', 22, 17, '89'),
(140, '25290814', 22, 19, '97'),
(141, '25367568', 22, 17, '85'),
(142, '25471741', 22, 14, '86'),
(143, '21510884', 23, 12, '79'),
(144, '21510904', 23, 16, '87'),
(145, '23471661', 23, 13, '77'),
(146, '23888171', 23, 12, '77'),
(147, '25202636', 23, 19, '97'),
(148, '25202642', 23, 17, '87'),
(149, '25290814', 23, 19, '98'),
(150, '25367568', 23, 17, '87'),
(151, '25471741', 23, 16, '87'),
(152, '21510884', 24, 0, '1'),
(153, '21510904', 24, 17, '87'),
(154, '23471661', 24, 13, '79'),
(155, '23888171', 24, 14, '80'),
(156, '25202636', 24, 19, '98'),
(157, '25202642', 24, 18, '91'),
(158, '25290814', 24, 19, '98'),
(159, '25367568', 24, 17, '91'),
(160, '25471741', 24, 17, '90'),
(161, '21510884', 25, 12, '79'),
(162, '21510904', 25, 15, '89'),
(163, '23471661', 25, 12, '79'),
(164, '23888171', 25, 12, '79'),
(165, '25202636', 25, 18, '98'),
(166, '25202642', 25, 15, '89'),
(167, '25290814', 25, 19, '98'),
(168, '25367568', 25, 16, '90'),
(169, '25471741', 25, 14, '90'),
(170, '21510884', 26, 12, '78'),
(171, '21510904', 26, 17, '91'),
(172, '23471661', 26, 16, '90'),
(173, '23888171', 26, 16, '87'),
(174, '25202636', 26, 19, '98'),
(175, '25202642', 26, 18, '92'),
(176, '25290814', 26, 19, '98'),
(177, '25367568', 26, 17, '91'),
(178, '25471741', 26, 17, '90'),
(179, '21510884', 49, 12, '60'),
(180, '21510904', 49, 17, '89'),
(181, '23471661', 49, 13, '87'),
(182, '23888171', 49, 13, '84'),
(183, '25202636', 49, 19, '98'),
(184, '25202642', 49, 17, '90'),
(185, '25290814', 49, 19, '98'),
(186, '25367568', 49, 17, '90'),
(187, '25471741', 49, 17, '92'),
(188, '21510884', 48, 13, '80'),
(189, '21510904', 48, 16, '91'),
(190, '23471661', 48, 13, '91'),
(191, '23888171', 48, 12, '79'),
(192, '25202636', 48, 19, '98'),
(193, '25202642', 48, 17, '92'),
(194, '25290814', 48, 19, '97'),
(195, '25367568', 48, 16, '89'),
(196, '25471741', 48, 17, '92'),
(197, '21510884', 47, 16, '80'),
(198, '21510904', 47, 18, '92'),
(199, '23471661', 47, 16, '86'),
(200, '23888171', 47, 16, '87'),
(201, '25202636', 47, 19, '98'),
(202, '25202642', 47, 18, '92'),
(203, '25290814', 47, 19, '98'),
(204, '25367568', 47, 17, '89'),
(205, '25471741', 47, 17, '90'),
(206, '21510884', 46, 12, '79'),
(207, '21510904', 46, 15, '90'),
(208, '23471661', 46, 12, '79'),
(209, '23888171', 46, 12, '83'),
(210, '25202636', 46, 18, '97'),
(211, '25202642', 46, 15, '90'),
(212, '25290814', 46, 18, '97'),
(213, '25367568', 46, 15, '87'),
(214, '25471741', 46, 14, '91'),
(215, '21510884', 45, 15, '79'),
(216, '21510904', 45, 17, '89'),
(217, '23471661', 45, 13, '79'),
(218, '23888171', 45, 14, '89'),
(219, '25202636', 45, 19, '98'),
(220, '25202642', 45, 18, '90'),
(221, '25290814', 45, 19, '98'),
(222, '25367568', 45, 17, '90'),
(223, '25471741', 45, 18, '92'),
(224, '21510884', 44, 14, '78'),
(225, '21510904', 44, 17, '89'),
(226, '23471661', 44, 14, '87'),
(227, '23888171', 44, 14, '89'),
(228, '25202636', 44, 19, '98'),
(229, '25202642', 44, 18, '91'),
(230, '25290814', 44, 19, '98'),
(231, '25367568', 44, 16, '89'),
(232, '25471741', 44, 17, '90'),
(233, '21510884', 27, 13, '78'),
(234, '21510904', 27, 16, '89'),
(235, '23471661', 27, 13, '80'),
(236, '23888171', 27, 12, '89'),
(237, '25202636', 27, 19, '98'),
(238, '25202642', 27, 17, '91'),
(239, '25290814', 27, 19, '98'),
(240, '25367568', 27, 15, '83'),
(241, '25471741', 27, 17, '92'),
(242, '21510884', 28, 13, '79'),
(243, '21510904', 28, 17, '89'),
(244, '23471661', 28, 15, '79'),
(245, '23888171', 28, 14, '79'),
(246, '25202636', 28, 19, '97'),
(247, '25202642', 28, 18, '92'),
(248, '25290814', 28, 19, '98'),
(249, '25367568', 28, 15, '89'),
(250, '25471741', 28, 18, '91'),
(251, '21510884', 33, 14, '79'),
(252, '21510904', 33, 18, '90'),
(253, '23471661', 33, 13, '87'),
(254, '23888171', 33, 13, '87'),
(255, '25202636', 33, 20, '98'),
(256, '25202642', 33, 18, '91'),
(257, '25290814', 33, 20, '98'),
(258, '25367568', 33, 17, '89'),
(259, '25471741', 33, 17, '89'),
(260, '21510884', 34, 12, '78'),
(261, '21510904', 34, 15, '91'),
(262, '23471661', 34, 12, '78'),
(263, '23888171', 34, 12, '78'),
(264, '25202636', 34, 19, '97'),
(265, '25202642', 34, 16, '91'),
(266, '25290814', 34, 19, '98'),
(267, '25367568', 34, 16, '91'),
(268, '25471741', 34, 17, '91'),
(269, '21510884', 29, 16, '79'),
(270, '21510904', 29, 17, '89'),
(271, '23471661', 29, 14, '89'),
(272, '23888171', 29, 13, '83'),
(273, '25202636', 29, 19, '98'),
(274, '25202642', 29, 18, '92'),
(275, '25290814', 29, 19, '97'),
(276, '25367568', 29, 15, '90'),
(277, '25471741', 29, 17, '91'),
(278, '21510884', 31, 12, '79'),
(279, '21510904', 31, 14, '82'),
(280, '23471661', 31, 12, '79'),
(281, '23888171', 31, 12, '81'),
(282, '25202636', 31, 19, '98'),
(283, '25202642', 31, 16, '81'),
(284, '25290814', 31, 19, '98'),
(285, '25367568', 31, 16, '79'),
(286, '25471741', 31, 15, '79'),
(287, '21510884', 36, 12, '79'),
(288, '21510904', 36, 16, '90'),
(289, '23471661', 36, 12, '89'),
(290, '23888171', 36, 13, '79'),
(291, '25202636', 36, 18, '97'),
(292, '25202642', 36, 15, '90'),
(293, '25290814', 36, 18, '98'),
(294, '25367568', 36, 14, '89'),
(295, '25471741', 36, 15, '90'),
(296, '21510884', 37, 14, '78'),
(300, '21510904', 37, 18, '90'),
(301, '23471661', 37, 14, '87'),
(302, '23888171', 37, 14, '80'),
(303, '25202636', 37, 19, '98'),
(304, '25202642', 37, 17, '90'),
(305, '25290814', 37, 19, '98'),
(306, '25367568', 37, 14, '89'),
(307, '25471741', 37, 16, '89'),
(332, '21510884', 38, 12, '78'),
(333, '21510904', 38, 14, '91'),
(334, '23471661', 38, 12, '87'),
(335, '23888171', 38, 13, '87'),
(336, '25202636', 38, 18, '98'),
(337, '25202642', 38, 15, '89'),
(338, '25290814', 38, 19, '97'),
(339, '25367568', 38, 14, '84'),
(340, '25471741', 38, 15, '89'),
(341, '21510884', 39, 14, '79'),
(342, '21510904', 39, 17, '89'),
(343, '23471661', 39, 14, '87'),
(344, '23888171', 39, 14, '87'),
(345, '25202636', 39, 19, '98'),
(346, '25202642', 39, 17, '89'),
(347, '25290814', 39, 19, '98'),
(348, '25367568', 39, 14, '89'),
(349, '25471741', 39, 17, '90'),
(350, '21510884', 40, 15, '79'),
(351, '21510904', 40, 17, '89'),
(352, '23471661', 40, 14, '82'),
(353, '23888171', 40, 15, '89'),
(354, '25202636', 40, 20, '98'),
(355, '25202642', 40, 18, '91'),
(356, '25290814', 40, 20, '98'),
(357, '25367568', 40, 16, '87'),
(358, '25471741', 40, 18, '92'),
(359, '21510884', 41, 12, '79'),
(360, '21510904', 41, 15, '88'),
(361, '23471661', 41, 12, '84'),
(362, '23888171', 41, 13, '84'),
(363, '25202636', 41, 18, '98'),
(364, '25202642', 41, 16, '92'),
(365, '25290814', 41, 18, '98'),
(366, '25367568', 41, 14, '89'),
(367, '25471741', 41, 15, '91'),
(368, '21510884', 42, 16, '80'),
(369, '21510904', 42, 18, '90'),
(370, '23471661', 42, 16, '89'),
(371, '23888171', 42, 16, '89'),
(372, '25202636', 42, 19, '98'),
(373, '25202642', 42, 18, '93'),
(374, '25290814', 42, 19, '98'),
(375, '25367568', 42, 17, '91'),
(376, '25471741', 42, 17, '92'),
(377, '21510884', 43, 12, '78'),
(378, '21510904', 43, 16, '90'),
(379, '23471661', 43, 13, '87'),
(380, '23888171', 43, 14, '89'),
(381, '25202636', 43, 18, '97'),
(382, '25202642', 43, 16, '91'),
(383, '25290814', 43, 19, '98'),
(384, '25367568', 43, 14, '89'),
(385, '25471741', 43, 16, '90');

-- --------------------------------------------------------

--
-- Estructura de tabla para la tabla `pais`
--

CREATE TABLE IF NOT EXISTS `pais` (
  `pais_id` varchar(10) NOT NULL,
  `pais_nomb` varchar(100) NOT NULL,
  PRIMARY KEY (`pais_id`)
) ENGINE=InnoDB DEFAULT CHARSET=utf8;

--
-- Volcado de datos para la tabla `pais`
--

INSERT INTO `pais` (`pais_id`, `pais_nomb`) VALUES
('22', 'VENEZUELA');

-- --------------------------------------------------------

--
-- Estructura de tabla para la tabla `parroquia`
--

CREATE TABLE IF NOT EXISTS `parroquia` (
  `parroq_codi` varchar(10) NOT NULL,
  `muni_codi` varchar(10) DEFAULT NULL,
  `parroq_nomb` varchar(100) NOT NULL,
  PRIMARY KEY (`parroq_codi`),
  KEY `IDX_23A71668BE437F36` (`muni_codi`)
) ENGINE=InnoDB DEFAULT CHARSET=utf8;

--
-- Volcado de datos para la tabla `parroquia`
--

INSERT INTO `parroquia` (`parroq_codi`, `muni_codi`, `parroq_nomb`) VALUES
('231501', '2315', 'SINAMAICA');

-- --------------------------------------------------------

--
-- Estructura de tabla para la tabla `periodo`
--

CREATE TABLE IF NOT EXISTS `periodo` (
  `peri_id` int(11) NOT NULL AUTO_INCREMENT,
  `peri_desc` varchar(50) NOT NULL,
  PRIMARY KEY (`peri_id`)
) ENGINE=InnoDB  DEFAULT CHARSET=utf8 AUTO_INCREMENT=4 ;

--
-- Volcado de datos para la tabla `periodo`
--

INSERT INTO `periodo` (`peri_id`, `peri_desc`) VALUES
(1, '1'),
(2, '2'),
(3, '3');

-- --------------------------------------------------------

--
-- Estructura de tabla para la tabla `periodo_academico`
--

CREATE TABLE IF NOT EXISTS `periodo_academico` (
  `pa_id` int(11) NOT NULL AUTO_INCREMENT,
  `pnf_tipo_id` int(11) DEFAULT NULL,
  `pa_anio` year(4) DEFAULT NULL,
  `pa_codi` varchar(10) NOT NULL,
  `pa_ini` date NOT NULL,
  `pa_fin` date NOT NULL,
  `status` tinyint(1) NOT NULL,
  PRIMARY KEY (`pa_id`),
  KEY `IDX_C6BC86FCDBF7F8A` (`pnf_tipo_id`)
) ENGINE=InnoDB  DEFAULT CHARSET=utf8 AUTO_INCREMENT=8 ;

--
-- Volcado de datos para la tabla `periodo_academico`
--

INSERT INTO `periodo_academico` (`pa_id`, `pnf_tipo_id`, `pa_anio`, `pa_codi`, `pa_ini`, `pa_fin`, `status`) VALUES
(1, 1, 2016, '1', '2016-02-20', '2016-02-29', 1),
(2, 1, 2014, '1', '2014-04-26', '2014-06-28', 1),
(3, 1, 2015, '1', '2016-04-28', '2016-04-28', 1),
(4, 1, 2014, '2', '2016-04-29', '2016-04-29', 1),
(5, 1, 2014, '3', '2016-04-29', '2016-04-29', 1),
(6, 1, 2015, '2', '2015-03-28', '2015-06-20', 1),
(7, 1, 2015, '3', '2015-07-18', '2015-11-21', 1);

-- --------------------------------------------------------

--
-- Estructura de tabla para la tabla `persona`
--

CREATE TABLE IF NOT EXISTS `persona` (
  `cedu` varchar(15) NOT NULL,
  `naci` varchar(1) NOT NULL,
  `nomb` varchar(100) NOT NULL,
  `apell` varchar(100) NOT NULL,
  `fechnac` date DEFAULT NULL,
  `telf` varchar(11) DEFAULT NULL,
  `correo` varchar(100) DEFAULT NULL,
  `fechcreado` datetime NOT NULL,
  `fechmodi` datetime NOT NULL,
  `profesion_fix` varchar(50) DEFAULT NULL,
  PRIMARY KEY (`cedu`)
) ENGINE=InnoDB DEFAULT CHARSET=utf8;

--
-- Volcado de datos para la tabla `persona`
--

INSERT INTO `persona` (`cedu`, `naci`, `nomb`, `apell`, `fechnac`, `telf`, `correo`, `fechcreado`, `fechmodi`, `profesion_fix`) VALUES
('10543941', 'V', 'PEDRO', 'LOPEZ', '1962-04-11', '04160179775', 'lopezpedro10@hotmail.com', '2016-05-04 00:00:00', '2016-05-04 00:00:00', NULL),
('11065813', 'V', 'ALEJANDRO', 'SULBARAN', '1973-05-24', '04263655528', 'alejandrosulbaran11@hotmail.com', '2016-05-04 00:00:00', '2016-05-04 00:00:00', NULL),
('11564980', 'V', 'MARIA', 'MONTIEL', '1968-02-10', '04269644644', 'mariamontiel11@gmail.com', '2016-05-04 00:00:00', '2016-05-04 00:00:00', NULL),
('12212841', 'V', 'DIOCENIN', 'ZULETA MILIAN', '1972-09-04', '04167894531', 'zumildioce@gmail.com', '2016-05-04 00:00:00', '2016-05-04 00:00:00', NULL),
('12657985', 'V', 'KARINA', 'FERNANDEZ', '1974-09-13', '04261639388', 'karinafernandez12@gmail.com', '2016-05-04 00:00:00', '2016-05-04 00:00:00', NULL),
('13932490', 'V', 'LESBIA', 'ZULETA', '1977-01-22', '04160675916', 'coromotolzuleta@gmail.com', '2016-05-04 00:00:00', '2016-05-04 00:00:00', NULL),
('14050875', 'V', 'SAMUEL', 'PAZ', '1980-02-18', '04240184556', 'pazsamuel_14@hotmail.com', '2016-05-04 00:00:00', '2016-05-04 00:00:00', NULL),
('14370054', 'V', 'LAUDITH', 'ZULETA', '1977-03-08', '04165652742', 'laudithdelcarmen.zuletamilian@gmail.com', '2016-05-05 19:25:56', '2016-05-05 19:25:56', 'SOC.'),
('14630144', 'V', 'YOENNY', 'FERNANDEZ', '1981-05-14', '04269298801', 'yoennyfernandez14@gmailcom', '2016-05-04 00:00:00', '2016-05-04 00:00:00', NULL),
('14675897', 'V', 'DAMELYS', 'ZULETA BARRETO', '1981-01-15', '04261640990', 'suivant_18@hotmail.com', '2016-05-04 00:00:00', '2016-05-04 00:00:00', NULL),
('14697066', 'V', 'YAMILE', 'AMAYA', '2016-04-20', '04125454354', 'yamilemaya@gmail.com', '2016-05-04 00:00:00', '2016-05-04 00:00:00', NULL),
('14823351', 'V', 'EMILIA', 'POLANCO', '1982-06-03', '04168635317', 'polancoemi03_@hotmail.com', '2016-05-04 00:00:00', '2016-05-04 00:00:00', NULL),
('15410809', 'V', 'MARBELYS', 'LARREAL', '1981-02-02', '0424 764893', 'marbelys._15@gmail.com', '2016-05-04 00:00:00', '2016-05-04 00:00:00', NULL),
('15560189', 'V', 'EUCLIDES', 'MONTIEL', '1991-03-12', '04261620459', 'montieleuclides15@gmail.com', '2016-05-04 00:00:00', '2016-05-04 00:00:00', NULL),
('15614594', 'V', 'RUTH', 'IGUARAN', '1980-11-12', '04241065467', 'ruth_iguaran15@gmail.com', '2016-05-04 00:00:00', '2016-05-04 00:00:00', NULL),
('15839770', 'V', 'JUAN', 'CARROZ', '1982-05-10', '04148508559', 'carrozsjuan@gmail.com', '2016-05-04 00:00:00', '2016-05-04 00:00:00', NULL),
('16767818', 'V', 'IGNACIO', 'CARDOZO', '2016-04-20', '04142999863', 'ignacio@gmail.com', '2016-05-04 00:00:00', '2016-05-04 00:00:00', NULL),
('16785364', 'V', 'FILIBERTO', 'CASTRO', '1978-08-23', '02628083991', 'casfiliberto@gmail.com', '2016-05-04 00:00:00', '2016-05-04 00:00:00', NULL),
('17177047', 'V', 'ANGEL', 'MONTIEL', '1988-06-04', '04264912524', 'angelmontiel17@gmail.com', '2016-05-04 00:00:00', '2016-05-04 00:00:00', NULL),
('17231413', 'V', 'YENNY', 'GONZALEZ', '1985-09-25', '04147691111', 'gonzalezyenny1@gmail.com', '2016-05-04 00:00:00', '2016-05-04 00:00:00', NULL),
('17654050', 'V', 'JESUS', 'MORALES', '1985-12-24', '04125479054', 'moralesj.24@gmail.com', '2016-05-04 00:00:00', '2016-05-04 00:00:00', NULL),
('18641952', 'V', 'YUSMAYRA', 'REVEROL', '1985-09-22', '04143890169', 'yus_reverol@gmail.com', '2016-05-04 00:00:00', '2016-05-04 00:00:00', NULL),
('18662914', 'V', 'NISMAY', 'NAVA', '1987-01-09', '04162631849', 'nismaynava18@gmail.com', '2016-05-04 00:00:00', '2016-05-04 00:00:00', NULL),
('18875050', 'V', 'ENNY', 'GONZALEZ', '1988-09-26', '04164644965', 'gonzalezenny@gmail.com', '2016-05-04 00:00:00', '2016-05-04 00:00:00', NULL),
('18875883', 'V', 'NEREYDA', 'ZULETA MILIAN', '1990-04-12', '0426-223472', 'nereydab.-@gmail.com', '2016-05-04 00:00:00', '2016-05-04 00:00:00', NULL),
('19328162', 'V', 'ALEJANDRO', 'GUERRERO', '1989-08-23', '04164696242', 'guerreroalejandro@hotmail.com', '2016-05-04 00:00:00', '2016-05-04 00:00:00', NULL),
('19988978', 'V', 'IDAILIS', 'QUINTERO', '1991-05-14', '04246050928', 'quinteromidalis@gmail.com', '2016-05-04 00:00:00', '2016-05-04 00:00:00', NULL),
('20069709', 'V', 'NADIA', 'LOPEZ', '1992-03-05', '04129068125', 'nalopez200@gmail.com', '2016-05-04 00:00:00', '2016-05-04 00:00:00', NULL),
('20072093', 'V', 'THAIS', 'MORALES', '1990-08-20', '04146091992', 'morelesthai_03@gmail.com', '2016-05-04 00:00:00', '2016-05-04 00:00:00', NULL),
('20381839', 'V', 'DIOVER', 'ROMERO', '1990-07-17', '04266004691', 'romero17diover@gmail.com', '2016-05-04 00:00:00', '2016-05-04 00:00:00', NULL),
('20581937', 'V', 'MAYRYS', 'BLANCO', '1990-12-01', '04160871931', 'blancojmarys@hotmail.com', '2016-05-04 00:00:00', '2016-05-04 00:00:00', NULL),
('20658050', 'V', 'VICELIS', 'LARREAL', '2016-04-21', '04122999864', 'vicelis@gmail.com', '2016-05-04 00:00:00', '2016-05-04 00:00:00', NULL),
('20660016', 'V', 'MARIA', 'GONZALEZ', '1992-02-14', '04261613391', 'gonzalezrmar20@gmail.com', '2016-05-04 00:00:00', '2016-05-04 00:00:00', NULL),
('20660142', 'V', 'NORACXIS', 'MAPPARI', '2016-04-21', '04142659025', 'noracxi20@gmailcom', '2016-05-04 00:00:00', '2016-05-04 00:00:00', NULL),
('20660753', 'V', 'DINORA', 'MAPPARI', '2016-04-21', '02626548760', 'mapparidinora20@gmail.com', '2016-05-04 00:00:00', '2016-05-04 00:00:00', NULL),
('20687586', 'V', 'NAIKARIS', 'PEREZ', '1992-12-16', 'O4263638087', 'pereznai20@hotmail.com', '2016-05-04 00:00:00', '2016-05-04 00:00:00', NULL),
('20777775', 'V', 'JOSE', 'JARABA', '1990-10-26', '04164081276', 'jarabajose20@hotmail.com', '2016-05-04 00:00:00', '2016-05-04 00:00:00', NULL),
('20842247', 'V', 'GENESIS', 'GONZALEZ', '1989-04-28', '04160168754', 'gonzalezgenesis28@hotmail.com', '2016-05-04 00:00:00', '2016-05-04 00:00:00', NULL),
('20843115', 'V', 'REINA', 'MORENO', '1991-06-13', '04146743595', 'morenosreinal@hotmail.com', '2016-05-04 00:00:00', '2016-05-04 00:00:00', NULL),
('21037370', 'V', 'NERVY', 'PAZ', '1990-02-02', '04162631849', 'nervy21-paz@hotmail.com', '2016-05-04 00:00:00', '2016-05-04 00:00:00', NULL),
('21076090', 'V', 'ARGENIS', 'LARREAL', '1991-10-17', '04128746253', 'argenismlarreal@hotmail.com', '2016-05-04 00:00:00', '2016-05-04 00:00:00', NULL),
('21510884', 'V', 'KENDERWIN', 'CAMACHO', '1990-04-23', '0416236590', 'camachokenderwin@gmail.com', '2016-05-04 00:00:00', '2016-05-04 00:00:00', NULL),
('21510903', 'V', 'ALEJANDRA', 'GUERRERO', '1993-06-12', '04243265080', 'aleguerrero21@hotmail.com', '2016-05-04 00:00:00', '2016-05-04 00:00:00', NULL),
('21510904', 'V', 'ADEYMER', 'GONZALEZ', '1998-03-08', '04146751298', 'goinzalezadeymer21@gmail.com', '2016-05-04 00:00:00', '2016-05-04 00:00:00', NULL),
('23286903', 'V', 'AMALIA', 'PAZ', '1998-08-11', '04164695848', 'pazgamalia43@gmail.com', '2016-05-04 00:00:00', '2016-05-04 00:00:00', NULL),
('23471632', 'V', 'VICKELIS', 'LARREAL', '1996-07-22', '04261003315', 'larreal_vickelis23@hotmail.com', '2016-05-04 00:00:00', '2016-05-04 00:00:00', NULL),
('23471661', 'V', 'GENESIS', 'LARREAL', '1998-08-23', '04125672314', 'genesislarreal23@gmail.com', '2016-05-04 00:00:00', '2016-05-04 00:00:00', NULL),
('23888171', 'V', 'OMAR', 'OSORIO', '1996-06-14', '04261276901', 'omarosorio23@hotmail.com', '2016-05-04 00:00:00', '2016-05-04 00:00:00', NULL),
('24250674', 'V', 'ELIZABETH', 'MACHADO', '1998-02-18', '04262255695', 'elizamachadoj24@gmail.com', '2016-05-04 00:00:00', '2016-05-04 00:00:00', NULL),
('24509159', 'V', 'ROINY', 'CHOURIO', '1997-06-18', '04261672615', 'chouriomroy24@hotmail.com', '2016-05-04 00:00:00', '2016-05-04 00:00:00', NULL),
('24961293', 'V', 'WINIFER', 'MANAREZ', '1995-06-26', '04240675418', 'manarezbwinifer@gmail.com', '2016-05-04 00:00:00', '2016-05-04 00:00:00', NULL),
('25197443', 'V', 'DANIELIS', 'SILVA', '1998-07-13', '04264696898', 'silvacdanielis@hotmail.com', '2016-05-04 00:00:00', '2016-05-04 00:00:00', NULL),
('25202636', 'V', 'LEONELA', 'QUINTERO', '1997-04-18', '04163287491', 'quinteroleonela25@gmail.com', '2016-05-04 00:00:00', '2016-05-04 00:00:00', NULL),
('25202642', 'V', 'ADALUZ', 'BLANCO', '1992-07-17', '02621658740', 'blanco_adaluz@gmail.com', '2016-05-04 00:00:00', '2016-05-04 00:00:00', NULL),
('25251152', 'V', 'CARLEIDY', 'PEREZ', '1999-06-22', '04163905673', 'carleidyperez25@gmail.com', '2016-05-04 00:00:00', '2016-05-04 00:00:00', NULL),
('25251356', 'V', 'FREYNER', 'MAPPARI', '1997-07-09', '04128795360', 'freynermappari@hotmail.com', '2016-05-04 00:00:00', '2016-05-04 00:00:00', NULL),
('25251357', 'V', 'NEGREY', 'MAPPARI', '1998-05-13', '02628790518', 'negrey1998@hotmail.com', '2016-05-04 00:00:00', '2016-05-04 00:00:00', NULL),
('25290814', 'V', 'ANDREA', 'CARVAJAL', '1992-03-23', '04246547890', 'andreacarvajal@gmail.com', '2016-05-04 00:00:00', '2016-05-04 00:00:00', NULL),
('25290998', 'V', 'ANDIS', 'JURADO', '2016-04-19', '04122999866', 'andisjurado@gmail.com', '2016-05-04 00:00:00', '2016-05-04 00:00:00', NULL),
('25367568', 'V', 'EDUARDO', 'LARREAL', '1998-05-11', '04128790164', 'eduardolarreal@hotmail.com', '2016-05-04 00:00:00', '2016-05-04 00:00:00', NULL),
('25471741', 'V', 'JOSE', 'GONZALEZ', '1997-09-29', '04148764920', 'jose23_gonzalez@gmail.com', '2016-05-04 00:00:00', '2016-05-04 00:00:00', NULL),
('25633515', 'V', 'GENESIS', 'VARGAS', '1998-03-19', '04167691111', 'vargas23_genesis@gmail.com', '2016-05-04 00:00:00', '2016-05-04 00:00:00', NULL),
('25952220', 'V', 'VISLEINY', 'LARREAL', '1990-04-20', '04122990861', 'visleinylarreal@gmail.com', '2016-05-04 00:00:00', '2016-05-04 00:00:00', NULL),
('25952221', 'V', 'VISLEIDY', 'LARREAL', '1990-04-20', '04122999863', 'visleidylarreal@gmail.com', '2016-05-04 00:00:00', '2016-05-04 00:00:00', NULL),
('25972558', 'V', 'SERGGIBEL', 'ALVAREZ', '1997-02-05', '04262279056', 'serggibel1997@gmailcom', '2016-05-04 00:00:00', '2016-05-04 00:00:00', NULL),
('25979015', 'V', 'JOSE', 'MARIMON', '1997-11-12', '04262868065', 'josejmarimon_25@gmail.com', '2016-05-04 00:00:00', '2016-05-04 00:00:00', NULL),
('26297221', 'V', 'MARIA', 'PAZ', '1998-09-10', '04246408390', 'pazrmaria26@hotmail.com', '2016-05-04 00:00:00', '2016-05-04 00:00:00', NULL),
('26462053', 'V', 'EDGARDO', 'MORALES', '1997-04-21', '04267895459', 'moraleaedgardo@hotmailcom', '2016-05-04 00:00:00', '2016-05-04 00:00:00', NULL),
('26471194', 'V', 'GREGORY', 'PEROZO', '1999-06-03', '04163595431', 'jperezo_26@hotmail.com', '2016-05-04 00:00:00', '2016-05-04 00:00:00', NULL),
('26536743', 'V', 'EDUMARY', 'LOZANO', '1997-06-16', '04127612678', 'edumarylozano26@gmail.com', '2016-05-04 00:00:00', '2016-05-04 00:00:00', NULL),
('27059292', 'V', 'YOAILUZ', 'SEMPRUN', '1998-08-04', '04268527559', 'yoailuz_semprun@hotmail.com', '2016-05-04 00:00:00', '2016-05-04 00:00:00', NULL),
('30599191', 'V', 'KAROLAY', 'BRAVO', '1997-06-19', '04260986745', 'karolaybravo30@gmail.com', '2016-05-04 00:00:00', '2016-05-04 00:00:00', NULL);

-- --------------------------------------------------------

--
-- Estructura de tabla para la tabla `pnf`
--

CREATE TABLE IF NOT EXISTS `pnf` (
  `pnf_id` int(11) NOT NULL AUTO_INCREMENT,
  `pnf_desc` varchar(100) NOT NULL,
  PRIMARY KEY (`pnf_id`)
) ENGINE=InnoDB  DEFAULT CHARSET=utf8 AUTO_INCREMENT=5 ;

--
-- Volcado de datos para la tabla `pnf`
--

INSERT INTO `pnf` (`pnf_id`, `pnf_desc`) VALUES
(1, 'INFORMÁTICA'),
(2, 'ADMINISTRACIÓN'),
(3, 'TURISMO'),
(4, 'CONSTRUCCIÓN CIVIL');

-- --------------------------------------------------------

--
-- Estructura de tabla para la tabla `pnf_tipo`
--

CREATE TABLE IF NOT EXISTS `pnf_tipo` (
  `tipo_id` int(11) NOT NULL AUTO_INCREMENT,
  `tipo_desc` varchar(50) NOT NULL,
  PRIMARY KEY (`tipo_id`)
) ENGINE=InnoDB  DEFAULT CHARSET=utf8 AUTO_INCREMENT=4 ;

--
-- Volcado de datos para la tabla `pnf_tipo`
--

INSERT INTO `pnf_tipo` (`tipo_id`, `tipo_desc`) VALUES
(1, 'CTA'),
(2, 'UBV'),
(3, 'TI');

-- --------------------------------------------------------

--
-- Estructura de tabla para la tabla `pnf_tray_peri`
--

CREATE TABLE IF NOT EXISTS `pnf_tray_peri` (
  `id` int(11) NOT NULL AUTO_INCREMENT,
  `pnf_id` int(11) DEFAULT NULL,
  `tray_id` int(11) DEFAULT NULL,
  `peri_id` int(11) DEFAULT NULL,
  PRIMARY KEY (`id`),
  KEY `IDX_704C28071BAFD1B3` (`pnf_id`),
  KEY `IDX_704C2807E8C42A45` (`tray_id`),
  KEY `IDX_704C2807750186B8` (`peri_id`)
) ENGINE=InnoDB  DEFAULT CHARSET=utf8 AUTO_INCREMENT=31 ;

--
-- Volcado de datos para la tabla `pnf_tray_peri`
--

INSERT INTO `pnf_tray_peri` (`id`, `pnf_id`, `tray_id`, `peri_id`) VALUES
(1, 1, 1, 1),
(2, 1, 1, 2),
(3, 1, 1, 3),
(4, 1, 2, 1),
(5, 1, 2, 2),
(6, 1, 2, 3),
(7, 2, 1, 1),
(8, 2, 1, 2),
(9, 2, 1, 3),
(10, 2, 2, 1),
(11, 2, 2, 2),
(12, 2, 2, 3),
(13, 3, 1, 1),
(14, 3, 1, 2),
(15, 3, 1, 3),
(16, 3, 2, 1),
(17, 3, 2, 2),
(18, 3, 2, 3),
(19, 3, 3, 1),
(20, 3, 3, 2),
(21, 3, 3, 3),
(22, 4, 1, 1),
(23, 4, 1, 2),
(24, 4, 1, 3),
(25, 4, 2, 1),
(26, 4, 2, 2),
(27, 4, 2, 3),
(28, 4, 3, 1),
(29, 4, 3, 2),
(30, 4, 3, 3);

-- --------------------------------------------------------

--
-- Estructura de tabla para la tabla `pnf_tray_peri_uc`
--

CREATE TABLE IF NOT EXISTS `pnf_tray_peri_uc` (
  `id` int(11) NOT NULL AUTO_INCREMENT,
  `ptp_id` int(11) DEFAULT NULL,
  `uc_id` int(11) DEFAULT NULL,
  PRIMARY KEY (`id`),
  KEY `IDX_392AB82A448D56D3` (`ptp_id`),
  KEY `IDX_392AB82A4783DC6D` (`uc_id`)
) ENGINE=InnoDB  DEFAULT CHARSET=utf8 AUTO_INCREMENT=268 ;

--
-- Volcado de datos para la tabla `pnf_tray_peri_uc`
--

INSERT INTO `pnf_tray_peri_uc` (`id`, `ptp_id`, `uc_id`) VALUES
(1, 1, 11),
(2, 1, 3),
(3, 1, 7),
(4, 1, 2),
(5, 1, 14),
(6, 1, 9),
(7, 1, 1),
(8, 2, 11),
(9, 2, 3),
(10, 2, 7),
(11, 2, 2),
(12, 2, 14),
(13, 2, 5),
(14, 2, 9),
(15, 2, 1),
(16, 3, 11),
(17, 3, 3),
(18, 3, 7),
(19, 3, 2),
(20, 3, 14),
(21, 3, 9),
(22, 3, 1),
(23, 4, 12),
(24, 4, 16),
(25, 4, 8),
(26, 4, 13),
(27, 4, 15),
(28, 4, 10),
(29, 4, 1),
(30, 5, 12),
(31, 5, 16),
(32, 5, 8),
(33, 5, 13),
(34, 5, 15),
(35, 5, 4),
(36, 5, 1),
(37, 6, 8),
(38, 6, 13),
(39, 6, 15),
(40, 6, 6),
(41, 6, 1),
(42, 7, 29),
(43, 7, 43),
(44, 7, 22),
(45, 7, 27),
(46, 7, 36),
(47, 7, 34),
(48, 7, 42),
(49, 7, 32),
(50, 8, 29),
(51, 8, 22),
(52, 8, 27),
(53, 8, 36),
(54, 8, 44),
(55, 8, 32),
(56, 8, 41),
(57, 9, 29),
(58, 9, 22),
(59, 9, 27),
(60, 9, 36),
(61, 9, 32),
(62, 9, 24),
(63, 9, 26),
(64, 10, 35),
(65, 10, 39),
(66, 10, 22),
(67, 10, 28),
(68, 10, 37),
(69, 10, 25),
(70, 11, 35),
(71, 11, 23),
(72, 11, 28),
(73, 11, 37),
(74, 11, 21),
(75, 11, 38),
(76, 11, 40),
(77, 12, 43),
(78, 12, 23),
(79, 12, 28),
(80, 12, 37),
(81, 12, 20),
(82, 12, 18),
(83, 12, 19),
(84, 12, 30),
(85, 12, 17),
(86, 12, 33),
(87, 12, 31),
(88, 13, 50),
(89, 13, 55),
(90, 13, 65),
(91, 13, 73),
(92, 13, 78),
(93, 13, 61),
(94, 13, 59),
(95, 13, 60),
(96, 13, 51),
(97, 13, 72),
(98, 14, 55),
(99, 14, 73),
(100, 14, 61),
(101, 14, 59),
(102, 14, 60),
(103, 14, 51),
(104, 14, 72),
(105, 14, 56),
(106, 14, 66),
(107, 14, 68),
(108, 15, 55),
(109, 15, 61),
(110, 15, 59),
(111, 15, 60),
(112, 15, 51),
(113, 15, 72),
(114, 15, 70),
(115, 15, 73),
(116, 15, 52),
(117, 15, 47),
(118, 16, 55),
(119, 16, 59),
(120, 16, 60),
(121, 16, 51),
(122, 16, 72),
(123, 16, 74),
(124, 16, 67),
(125, 16, 71),
(126, 16, 79),
(127, 16, 62),
(128, 17, 55),
(129, 17, 59),
(130, 17, 60),
(131, 17, 51),
(132, 17, 72),
(133, 17, 74),
(134, 17, 54),
(135, 17, 77),
(136, 17, 64),
(137, 17, 62),
(138, 18, 55),
(139, 18, 59),
(140, 18, 60),
(141, 18, 51),
(142, 18, 72),
(143, 18, 74),
(144, 18, 49),
(145, 18, 76),
(146, 18, 80),
(147, 18, 62),
(148, 19, 55),
(149, 19, 59),
(150, 19, 60),
(151, 19, 51),
(152, 19, 81),
(153, 19, 46),
(154, 19, 48),
(155, 19, 75),
(156, 19, 63),
(157, 20, 55),
(158, 20, 59),
(159, 20, 60),
(160, 20, 51),
(161, 20, 72),
(162, 20, 75),
(163, 20, 53),
(164, 20, 45),
(165, 20, 57),
(166, 20, 63),
(167, 21, 55),
(168, 21, 59),
(169, 21, 60),
(170, 21, 51),
(171, 21, 72),
(172, 21, 75),
(173, 21, 82),
(174, 21, 69),
(175, 21, 58),
(176, 21, 63),
(177, 22, 85),
(178, 22, 91),
(179, 22, 92),
(180, 22, 99),
(181, 22, 103),
(182, 22, 102),
(183, 22, 84),
(184, 22, 95),
(185, 22, 96),
(186, 22, 89),
(187, 23, 85),
(188, 23, 91),
(189, 23, 92),
(190, 23, 99),
(191, 23, 103),
(192, 23, 102),
(193, 23, 84),
(194, 23, 95),
(195, 23, 96),
(196, 23, 89),
(197, 23, 100),
(198, 24, 85),
(199, 24, 103),
(200, 24, 102),
(201, 24, 84),
(202, 24, 95),
(203, 24, 96),
(204, 24, 89),
(205, 24, 92),
(206, 24, 100),
(207, 24, 101),
(208, 25, 102),
(209, 25, 84),
(210, 25, 95),
(211, 25, 96),
(212, 25, 89),
(213, 25, 92),
(214, 25, 108),
(215, 25, 90),
(216, 25, 104),
(217, 25, 110),
(218, 26, 93),
(219, 26, 102),
(220, 26, 84),
(221, 26, 95),
(222, 26, 96),
(223, 26, 89),
(224, 26, 104),
(225, 26, 110),
(226, 26, 86),
(227, 26, 87),
(228, 27, 93),
(229, 27, 102),
(230, 27, 84),
(231, 27, 95),
(232, 27, 96),
(233, 27, 89),
(234, 27, 104),
(235, 27, 110),
(236, 27, 87),
(237, 27, 107),
(238, 28, 93),
(239, 28, 102),
(240, 28, 84),
(241, 28, 95),
(242, 28, 96),
(243, 28, 89),
(244, 28, 83),
(245, 28, 97),
(246, 28, 88),
(247, 28, 105),
(248, 29, 93),
(249, 29, 102),
(250, 29, 84),
(251, 29, 95),
(252, 29, 96),
(253, 29, 89),
(254, 29, 88),
(255, 29, 105),
(256, 29, 94),
(257, 29, 98),
(258, 30, 93),
(259, 30, 102),
(260, 30, 84),
(261, 30, 95),
(262, 30, 96),
(263, 30, 89),
(264, 30, 88),
(265, 30, 105),
(266, 30, 109),
(267, 30, 106);

-- --------------------------------------------------------

--
-- Estructura de tabla para la tabla `seccion`
--

CREATE TABLE IF NOT EXISTS `seccion` (
  `secc_id` int(11) NOT NULL AUTO_INCREMENT,
  `aldea_codi` varchar(10) DEFAULT NULL,
  `turn_id` int(11) DEFAULT NULL,
  `pnf_id` int(11) DEFAULT NULL,
  `tray_id` int(11) DEFAULT NULL,
  `peri_id` int(11) DEFAULT NULL,
  `uc_id` int(11) DEFAULT NULL,
  `pa_id` int(11) DEFAULT NULL,
  `secc_codi` varchar(50) NOT NULL,
  PRIMARY KEY (`secc_id`),
  UNIQUE KEY `secc_codi` (`secc_codi`),
  KEY `IDX_E0BD15C9CCDB9FC1` (`aldea_codi`),
  KEY `IDX_E0BD15C91F4F9889` (`turn_id`),
  KEY `IDX_E0BD15C91BAFD1B3` (`pnf_id`),
  KEY `IDX_E0BD15C9E8C42A45` (`tray_id`),
  KEY `IDX_E0BD15C9750186B8` (`peri_id`),
  KEY `IDX_E0BD15C94783DC6D` (`uc_id`),
  KEY `IDX_E0BD15C9256A9B96` (`pa_id`)
) ENGINE=InnoDB  DEFAULT CHARSET=utf8 AUTO_INCREMENT=50 ;

--
-- Volcado de datos para la tabla `seccion`
--

INSERT INTO `seccion` (`secc_id`, `aldea_codi`, `turn_id`, `pnf_id`, `tray_id`, `peri_id`, `uc_id`, `pa_id`, `secc_codi`) VALUES
(1, '23150102', 1, 1, 1, 1, 11, 1, '0001'),
(2, '23150102', 1, 1, 1, 1, 3, 1, '0002'),
(3, '23150102', 1, 1, 1, 1, 7, 1, '0003'),
(4, '23150102', 1, 1, 1, 1, 2, 1, '0004'),
(5, '23150102', 1, 1, 1, 1, 14, 1, '0005'),
(6, '23150102', 1, 1, 1, 1, 9, 1, '0006'),
(7, '23150102', 1, 1, 1, 1, 1, 1, '0007'),
(8, '23150102', 1, 1, 1, 1, 11, 2, '0008'),
(9, '23150102', 1, 1, 1, 1, 3, 2, '0009'),
(10, '23150102', 1, 1, 1, 1, 7, 2, '0010'),
(11, '23150102', 1, 1, 1, 1, 2, 2, '0011'),
(12, '23150102', 1, 1, 1, 1, 14, 2, '0012'),
(13, '23150102', 1, 1, 1, 1, 9, 2, '0013'),
(14, '23150102', 1, 1, 1, 1, 1, 2, '0014'),
(22, '23150102', 1, 1, 1, 2, 11, 4, '0015'),
(23, '23150102', 1, 1, 1, 2, 3, 4, '0023'),
(24, '23150102', 1, 1, 1, 2, 7, 4, '0024'),
(25, '23150102', 1, 1, 1, 2, 2, 4, '0025'),
(26, '23150102', 1, 1, 1, 2, 14, 4, '0026'),
(27, '23150102', 1, 1, 1, 2, 5, 4, '0027'),
(28, '23150102', 1, 1, 1, 2, 9, 4, '0028'),
(29, '23150102', 1, 1, 1, 2, 1, 4, '0029'),
(31, '23150102', 1, 1, 2, 1, 12, 3, '0031'),
(32, '23150102', 1, 1, 2, 1, 16, 3, '0032'),
(33, '23150102', 1, 1, 2, 1, 8, 3, '0033'),
(34, '23150102', 1, 1, 2, 1, 13, 3, '0034'),
(35, '23150102', 1, 1, 2, 1, 15, 3, '0035'),
(36, '23150102', 1, 1, 2, 1, 10, 3, '0036'),
(37, '23150102', 1, 1, 2, 1, 1, 3, '0037'),
(38, '23150102', 1, 1, 2, 2, 12, 6, '0038'),
(39, '23150102', 1, 1, 2, 2, 16, 6, '0039'),
(40, '23150102', 1, 1, 2, 2, 8, 6, '0040'),
(41, '23150102', 1, 1, 2, 2, 13, 6, '0041'),
(42, '23150102', 1, 1, 2, 2, 15, 6, '0042'),
(43, '23150102', 1, 1, 2, 2, 4, 6, '0043'),
(44, '23150102', 1, 1, 2, 2, 1, 6, '0044'),
(45, '23150102', 1, 1, 2, 3, 8, 7, '0045'),
(46, '23150102', 1, 1, 2, 3, 13, 7, '0046'),
(47, '23150102', 1, 1, 2, 3, 15, 7, '0047'),
(48, '23150102', 1, 1, 2, 3, 6, 7, '0048'),
(49, '23150102', 1, 1, 2, 3, 1, 7, '0049');

-- --------------------------------------------------------

--
-- Estructura de tabla para la tabla `seccion_doce`
--

CREATE TABLE IF NOT EXISTS `seccion_doce` (
  `id` int(11) NOT NULL AUTO_INCREMENT,
  `secc_id` int(11) DEFAULT NULL,
  `cedu` varchar(15) DEFAULT NULL,
  PRIMARY KEY (`id`),
  UNIQUE KEY `UNIQ_E89C5D5576D4C273` (`secc_id`),
  KEY `IDX_E89C5D556735A52A` (`cedu`)
) ENGINE=InnoDB  DEFAULT CHARSET=utf8 AUTO_INCREMENT=45 ;

--
-- Volcado de datos para la tabla `seccion_doce`
--

INSERT INTO `seccion_doce` (`id`, `secc_id`, `cedu`) VALUES
(1, 1, '12212841'),
(2, 8, '14675897'),
(4, 9, '14675897'),
(5, 10, '18875883'),
(6, 11, '17177047'),
(7, 12, '18875883'),
(8, 13, '11564980'),
(9, 2, '14675897'),
(10, 3, '17177047'),
(11, 5, '18875883'),
(12, 4, '14675897'),
(13, 6, '11564980'),
(14, 7, '12657985'),
(15, 14, '17654050'),
(18, 22, '12212841'),
(19, 23, '14675897'),
(20, 24, '17654050'),
(21, 25, '14050875'),
(22, 28, '11564980'),
(23, 27, '17654050'),
(24, 26, '18875883'),
(25, 29, '17177047'),
(26, 31, '12212841'),
(27, 32, '14675897'),
(28, 33, '17654050'),
(29, 34, '14050875'),
(30, 35, '18875883'),
(31, 36, '14675897'),
(32, 37, '18641952'),
(33, 38, '12212841'),
(34, 39, '14675897'),
(35, 40, '17654050'),
(36, 41, '14050875'),
(37, 42, '18875883'),
(38, 43, '14675897'),
(39, 44, '18641952'),
(40, 45, '17177047'),
(41, 46, '14675897'),
(42, 47, '18875883'),
(43, 48, '12657985'),
(44, 49, '18641952');

-- --------------------------------------------------------

--
-- Estructura de tabla para la tabla `seccion_estu`
--

CREATE TABLE IF NOT EXISTS `seccion_estu` (
  `id` int(11) NOT NULL AUTO_INCREMENT,
  `secc_id` int(11) DEFAULT NULL,
  `cedu` varchar(15) DEFAULT NULL,
  PRIMARY KEY (`id`),
  KEY `IDX_5D28F4D676D4C273` (`secc_id`),
  KEY `IDX_5D28F4D66735A52A` (`cedu`)
) ENGINE=InnoDB  DEFAULT CHARSET=utf8 AUTO_INCREMENT=377 ;

--
-- Volcado de datos para la tabla `seccion_estu`
--

INSERT INTO `seccion_estu` (`id`, `secc_id`, `cedu`) VALUES
(1, 1, '14697066'),
(2, 1, '15410809'),
(3, 1, '20660142'),
(4, 1, '20660753'),
(5, 1, '25251152'),
(6, 1, '25251356'),
(7, 1, '25251357'),
(8, 1, '25972558'),
(9, 1, '26536743'),
(10, 1, '30599191'),
(11, 2, '25251152'),
(12, 8, '25290814'),
(13, 8, '25202636'),
(14, 8, '23471661'),
(15, 8, '25367568'),
(16, 8, '21510884'),
(17, 8, '23888171'),
(18, 8, '21510904'),
(19, 9, '25290814'),
(20, 9, '25202636'),
(21, 9, '23471661'),
(22, 9, '25367568'),
(23, 9, '21510884'),
(24, 9, '23888171'),
(25, 9, '21510904'),
(26, 10, '25290814'),
(27, 10, '25202636'),
(28, 10, '23471661'),
(29, 10, '25367568'),
(30, 10, '21510884'),
(31, 10, '23888171'),
(32, 10, '21510904'),
(33, 11, '25290814'),
(34, 11, '25202636'),
(35, 11, '23471661'),
(36, 11, '25367568'),
(37, 11, '21510884'),
(38, 11, '23888171'),
(39, 11, '21510904'),
(40, 12, '25290814'),
(41, 12, '25202636'),
(42, 12, '23471661'),
(43, 12, '25367568'),
(44, 12, '21510884'),
(45, 12, '23888171'),
(46, 12, '21510904'),
(47, 2, '14697066'),
(48, 2, '20660142'),
(49, 2, '20660753'),
(50, 2, '25251356'),
(51, 2, '25251357'),
(52, 2, '30599191'),
(53, 2, '25972558'),
(54, 3, '14697066'),
(55, 3, '20660142'),
(56, 3, '30599191'),
(57, 3, '20660753'),
(58, 3, '25251356'),
(59, 3, '25251357'),
(60, 3, '15410809'),
(61, 3, '26536743'),
(62, 3, '25251152'),
(63, 3, '25972558'),
(64, 2, '15410809'),
(65, 2, '26536743'),
(66, 4, '14697066'),
(67, 4, '15410809'),
(68, 4, '20660142'),
(69, 4, '20660753'),
(70, 4, '25251152'),
(71, 4, '25251356'),
(72, 4, '25251357'),
(73, 4, '25972558'),
(74, 4, '30599191'),
(75, 4, '26536743'),
(76, 5, '14697066'),
(77, 5, '15410809'),
(78, 5, '20660142'),
(79, 5, '20660753'),
(80, 5, '25251356'),
(81, 5, '25251357'),
(82, 5, '25972558'),
(83, 5, '26536743'),
(84, 5, '25251152'),
(85, 5, '30599191'),
(86, 6, '15410809'),
(87, 6, '14697066'),
(88, 6, '20660142'),
(89, 6, '20660753'),
(90, 6, '25251152'),
(91, 6, '25251356'),
(92, 6, '25251357'),
(93, 6, '25972558'),
(94, 6, '26536743'),
(95, 6, '30599191'),
(96, 7, '14697066'),
(97, 7, '15410809'),
(98, 7, '20660142'),
(99, 7, '20660753'),
(100, 7, '25251152'),
(101, 7, '25251356'),
(102, 7, '25251357'),
(103, 7, '25972558'),
(104, 7, '26536743'),
(105, 7, '30599191'),
(106, 13, '21510884'),
(107, 13, '21510904'),
(108, 13, '25202636'),
(109, 13, '23888171'),
(110, 13, '25202642'),
(111, 13, '25290814'),
(112, 13, '25367568'),
(113, 13, '25471741'),
(114, 13, '23471661'),
(115, 8, '25202642'),
(116, 8, '25471741'),
(117, 11, '25202642'),
(118, 11, '25471741'),
(119, 9, '25202642'),
(120, 9, '25471741'),
(121, 10, '25202642'),
(122, 10, '25471741'),
(123, 12, '25202642'),
(124, 12, '25471741'),
(125, 14, '21510884'),
(126, 14, '23471661'),
(127, 14, '21510904'),
(128, 14, '25202636'),
(129, 14, '23888171'),
(130, 14, '25202642'),
(131, 14, '25290814'),
(132, 14, '25367568'),
(133, 14, '25471741'),
(134, 22, '21510904'),
(135, 22, '21510884'),
(136, 22, '23888171'),
(137, 22, '23471661'),
(138, 22, '25202636'),
(139, 22, '25202642'),
(140, 22, '25367568'),
(141, 22, '25471741'),
(142, 22, '25290814'),
(143, 23, '21510884'),
(144, 23, '21510904'),
(145, 23, '23471661'),
(146, 23, '23888171'),
(147, 23, '25202636'),
(148, 23, '25202642'),
(149, 23, '25367568'),
(150, 23, '25471741'),
(151, 23, '25290814'),
(152, 24, '21510884'),
(153, 24, '21510904'),
(154, 24, '23471661'),
(155, 24, '23888171'),
(156, 24, '25202636'),
(157, 24, '25202642'),
(158, 24, '25290814'),
(159, 24, '25367568'),
(160, 24, '25471741'),
(161, 25, '21510884'),
(162, 25, '21510904'),
(163, 25, '23471661'),
(164, 25, '23888171'),
(165, 25, '25202636'),
(166, 25, '25202642'),
(167, 25, '25290814'),
(168, 25, '25367568'),
(169, 25, '25471741'),
(170, 26, '21510884'),
(171, 26, '21510904'),
(172, 26, '23471661'),
(173, 26, '23888171'),
(174, 26, '25202636'),
(175, 26, '25202642'),
(176, 26, '25290814'),
(177, 26, '25367568'),
(178, 26, '25471741'),
(179, 27, '21510884'),
(180, 27, '21510904'),
(181, 27, '23471661'),
(182, 27, '23888171'),
(183, 27, '25202636'),
(184, 27, '25202642'),
(185, 27, '25290814'),
(186, 27, '25367568'),
(187, 27, '25471741'),
(188, 28, '21510884'),
(189, 28, '21510904'),
(190, 28, '23471661'),
(191, 28, '23888171'),
(192, 28, '25202636'),
(193, 28, '25202642'),
(194, 28, '25290814'),
(195, 28, '25367568'),
(196, 28, '25471741'),
(197, 29, '21510884'),
(198, 29, '21510904'),
(199, 29, '23471661'),
(200, 29, '23888171'),
(201, 29, '25202636'),
(202, 29, '25202642'),
(203, 29, '25290814'),
(204, 29, '25367568'),
(205, 29, '25471741'),
(206, 31, '21510884'),
(207, 31, '23471661'),
(208, 31, '21510904'),
(209, 31, '23888171'),
(210, 31, '25202636'),
(211, 31, '25202642'),
(212, 31, '25290814'),
(213, 31, '25367568'),
(214, 31, '25471741'),
(215, 32, '21510884'),
(216, 32, '21510904'),
(217, 32, '23471661'),
(218, 32, '23888171'),
(219, 32, '25202636'),
(220, 32, '25202642'),
(221, 32, '25290814'),
(222, 32, '25367568'),
(223, 32, '25471741'),
(224, 33, '21510884'),
(225, 33, '21510904'),
(226, 33, '23471661'),
(227, 33, '23888171'),
(228, 33, '25202636'),
(229, 33, '25202642'),
(230, 33, '25290814'),
(231, 33, '25367568'),
(232, 33, '25471741'),
(233, 34, '21510884'),
(234, 34, '21510904'),
(235, 34, '23471661'),
(236, 34, '23888171'),
(237, 34, '25202636'),
(238, 34, '25202642'),
(239, 34, '25290814'),
(240, 34, '25367568'),
(241, 34, '25471741'),
(242, 35, '21510884'),
(243, 35, '21510904'),
(244, 35, '23471661'),
(245, 35, '23888171'),
(246, 35, '25202636'),
(247, 35, '25202642'),
(248, 35, '25290814'),
(249, 35, '25367568'),
(250, 35, '25471741'),
(251, 36, '21510884'),
(252, 36, '21510904'),
(253, 36, '23471661'),
(254, 36, '23888171'),
(255, 36, '25202636'),
(256, 36, '25202642'),
(257, 36, '25290814'),
(258, 36, '25367568'),
(259, 36, '25471741'),
(260, 37, '21510884'),
(261, 37, '21510904'),
(262, 37, '23471661'),
(263, 37, '23888171'),
(264, 37, '25202636'),
(265, 37, '25202642'),
(266, 37, '25290814'),
(267, 37, '25367568'),
(268, 37, '25471741'),
(269, 38, '21510884'),
(270, 38, '21510904'),
(271, 38, '23471661'),
(272, 38, '23888171'),
(273, 38, '25202636'),
(274, 38, '25202642'),
(275, 38, '25471741'),
(276, 38, '25290814'),
(277, 38, '25367568'),
(278, 39, '21510884'),
(279, 39, '21510904'),
(280, 39, '23471661'),
(281, 39, '23888171'),
(282, 39, '25202636'),
(283, 39, '25202642'),
(284, 39, '25290814'),
(285, 39, '25367568'),
(286, 39, '25471741'),
(287, 40, '21510884'),
(288, 40, '21510904'),
(289, 40, '23471661'),
(290, 40, '23888171'),
(291, 40, '25202636'),
(292, 40, '25202642'),
(293, 40, '25290814'),
(294, 40, '25367568'),
(295, 40, '25471741'),
(296, 41, '21510884'),
(297, 41, '21510904'),
(298, 41, '23471661'),
(299, 41, '23888171'),
(300, 41, '25202636'),
(301, 41, '25202642'),
(302, 41, '25290814'),
(303, 41, '25367568'),
(304, 41, '25471741'),
(305, 42, '21510884'),
(306, 42, '21510904'),
(307, 42, '23471661'),
(308, 42, '23888171'),
(309, 42, '25202636'),
(310, 42, '25202642'),
(311, 42, '25290814'),
(312, 42, '25367568'),
(313, 42, '25471741'),
(314, 43, '21510884'),
(315, 43, '21510904'),
(316, 43, '23471661'),
(317, 43, '23888171'),
(318, 43, '25202636'),
(319, 43, '25202642'),
(320, 43, '25290814'),
(321, 43, '25367568'),
(322, 43, '25471741'),
(323, 44, '21510884'),
(324, 44, '21510904'),
(325, 44, '23471661'),
(326, 44, '23888171'),
(327, 44, '25202636'),
(328, 44, '25202642'),
(329, 44, '25290814'),
(330, 44, '25367568'),
(331, 44, '25471741'),
(332, 45, '21510884'),
(333, 45, '21510904'),
(334, 45, '23471661'),
(335, 45, '23888171'),
(336, 45, '25202636'),
(337, 45, '25202642'),
(338, 45, '25290814'),
(339, 45, '25367568'),
(340, 45, '25471741'),
(341, 46, '21510884'),
(342, 46, '21510904'),
(343, 46, '23471661'),
(344, 46, '23888171'),
(345, 46, '25202636'),
(346, 46, '25202642'),
(347, 46, '25290814'),
(348, 46, '25367568'),
(349, 46, '25471741'),
(350, 47, '21510884'),
(351, 47, '21510904'),
(352, 47, '23471661'),
(353, 47, '23888171'),
(354, 47, '25202636'),
(355, 47, '25202642'),
(356, 47, '25367568'),
(357, 47, '25471741'),
(358, 47, '25290814'),
(359, 48, '21510884'),
(360, 48, '21510904'),
(361, 48, '23888171'),
(362, 48, '23471661'),
(363, 48, '25202636'),
(364, 48, '25202642'),
(365, 48, '25290814'),
(366, 48, '25367568'),
(367, 48, '25471741'),
(368, 49, '21510884'),
(369, 49, '21510904'),
(370, 49, '23471661'),
(371, 49, '23888171'),
(372, 49, '25202636'),
(373, 49, '25202642'),
(374, 49, '25290814'),
(375, 49, '25367568'),
(376, 49, '25471741');

-- --------------------------------------------------------

--
-- Estructura de tabla para la tabla `trayecto`
--

CREATE TABLE IF NOT EXISTS `trayecto` (
  `tray_id` int(11) NOT NULL AUTO_INCREMENT,
  `tray_desc` varchar(100) NOT NULL,
  PRIMARY KEY (`tray_id`)
) ENGINE=InnoDB  DEFAULT CHARSET=utf8 AUTO_INCREMENT=4 ;

--
-- Volcado de datos para la tabla `trayecto`
--

INSERT INTO `trayecto` (`tray_id`, `tray_desc`) VALUES
(1, 'I'),
(2, 'II'),
(3, 'III');

-- --------------------------------------------------------

--
-- Estructura de tabla para la tabla `turno`
--

CREATE TABLE IF NOT EXISTS `turno` (
  `turn_id` int(11) NOT NULL AUTO_INCREMENT,
  `turn_desc` varchar(100) NOT NULL,
  PRIMARY KEY (`turn_id`)
) ENGINE=InnoDB  DEFAULT CHARSET=utf8 AUTO_INCREMENT=3 ;

--
-- Volcado de datos para la tabla `turno`
--

INSERT INTO `turno` (`turn_id`, `turn_desc`) VALUES
(1, 'FINES DE SEMANA'),
(2, 'VIERNES Y SÁBADO');

-- --------------------------------------------------------

--
-- Estructura de tabla para la tabla `unidad_curricular`
--

CREATE TABLE IF NOT EXISTS `unidad_curricular` (
  `uc_id` int(11) NOT NULL AUTO_INCREMENT,
  `pnf_id` int(11) DEFAULT NULL,
  `uc_desc` varchar(100) NOT NULL,
  PRIMARY KEY (`uc_id`),
  KEY `IDX_C9B2928B1BAFD1B3` (`pnf_id`)
) ENGINE=InnoDB  DEFAULT CHARSET=utf8 AUTO_INCREMENT=111 ;

--
-- Volcado de datos para la tabla `unidad_curricular`
--

INSERT INTO `unidad_curricular` (`uc_id`, `pnf_id`, `uc_desc`) VALUES
(1, 1, 'ACTIVIDADES ACREDITABLES'),
(2, 1, 'ALGORITMICA Y PROGRAMACION I'),
(3, 1, 'ARQUITECTURA DEL COMPUTADOR'),
(4, 1, 'BASE DE DATOS'),
(5, 1, 'ELECTIVA'),
(6, 1, 'ELECTIVA II'),
(7, 1, 'FORMACION CRITICA I'),
(8, 1, 'FORMACION CRITICA II'),
(9, 1, 'IDIOMAS'),
(10, 1, 'INGIENERIA DEL SOFTWARE I'),
(11, 1, 'MATEMATICA I'),
(12, 1, 'MATEMATICA II'),
(13, 1, 'PROGRAMACION II'),
(14, 1, 'PROYECTO SOCIOTECNOLOGICO I'),
(15, 1, 'PROYECTO SOCIOTECNOLOGICO II'),
(16, 1, 'REDES DE COMPUTADORA'),
(17, 2, 'ADMINISTRACION DE COSTO'),
(18, 2, 'ADMINISTRACION DE EMPRESAS DE TURISMO (ELECTIVA II)'),
(19, 2, 'ADMINISTRACION HOTELERA (ELECTIVA II)'),
(20, 2, 'BANCA, SEGURO Y SERVICIO (ELECTIVA II)'),
(21, 2, 'CALIDAD Y GESTION AMBIENTAL ORGANIZACIONAL (ELECTIVA I)'),
(22, 2, 'CONTABILIDAD I'),
(23, 2, 'CONTABILIDAD II'),
(24, 2, 'DEBERES FORMALES DEL CONTRIBUYENTE'),
(25, 2, 'DEBERES FORMALES DEL CONTRIBUYENTE ISLR'),
(26, 2, 'DEPORTE,ARTE Y RECREACION I'),
(27, 2, 'FORMACION SOCIOCRITICA I'),
(28, 2, 'FORMACION SOCIOCRITICA II'),
(29, 2, 'FUNDAMENTO DE LA ADMINISTRACION'),
(30, 2, 'GESTION DE EMPRESAS AGROPECUARIA Y PESQUERA (ELECTIVA II)'),
(31, 2, 'GESTION DE EMPRESAS PETROLERAS (ELECTIVA II)'),
(32, 2, 'IDIOMAS I'),
(33, 2, 'MARCO LEGAL DE LAS ORGANIZACIONES'),
(34, 2, 'OPERACIONES FINANCIERAS'),
(35, 2, 'ORGANIZACION Y SISTEMA'),
(36, 2, 'PROYECTO I'),
(37, 2, 'PROYECTO II'),
(38, 2, 'SEMINARIO DE HABILIDADES DIRECTIVAS I'),
(39, 2, 'TALENTO HUMANO'),
(40, 2, 'TALLER CONTABILIDAD GUBERNAMENTAL'),
(41, 2, 'TALLER DE ESTADISTICA'),
(42, 2, 'TECNICAS DE EXPRESION ORAL Y ESCRITA'),
(43, 2, 'TECNOLOGIAS DE LA INFORMACION Y COMUNICACION'),
(44, 2, 'TEORIA Y PRACTICA DEL MERCADEO'),
(45, 3, 'ADMINISTRACION DE EMPRESAS TURISTICAS'),
(46, 3, 'ANALISIS DE PROBLEMAS Y TOMA DE DESICIONES'),
(47, 3, 'ANIMACION Y RECREACION'),
(48, 3, 'CALIDAD TURISTICA'),
(49, 3, 'CONTABILIDAD'),
(50, 3, 'DESARROLLO DE SERVICIOS TURISTICOS'),
(51, 3, 'DESARROLLO PERSONAL'),
(52, 3, 'DESARROLLO SUSTENTABLEDE LA ACTIVIDAD TURISTICA'),
(53, 3, 'DISEÑO DE RUTAS Y CIRCUITOS TURISTICOS'),
(54, 3, 'ESTADISTICA'),
(55, 3, 'FORMACION SOCIO POLITICA'),
(56, 3, 'GEOGRAFIA TURISTICA'),
(57, 3, 'GESTION DE ALIMENTOS Y BEBIDAS'),
(58, 3, 'GESTION DE PRODUCTOS TURISTICOS'),
(59, 3, 'IDIOMAS'),
(60, 3, 'INFORMATICA'),
(61, 3, 'INGLES I'),
(62, 3, 'INGLES II'),
(63, 3, 'INGLES III'),
(64, 3, 'INSPECCION Y FISCALIZACION DE LA ACTIVIDAD TURISTICA'),
(65, 3, 'INTRODUCCION A LA ADMINISTRACION'),
(66, 3, 'INTRODUCCION A LA PLANIFICACION'),
(67, 3, 'LEGISLACION TURISTICA'),
(68, 3, 'MERCADEO'),
(69, 3, 'ORGANIZACION DE EVENTOS Y PROTOCOLO'),
(70, 3, 'PATRIMONIO NACIONAL'),
(71, 3, 'PRESUPUESTO'),
(72, 3, 'PRIMEROS AUXILIOS'),
(73, 3, 'PROYECTO I'),
(74, 3, 'PROYECTO II'),
(75, 3, 'PROYECTO III'),
(76, 3, 'REGISTRO Y CONTROL DE SERVICIOS TURISTICOS'),
(77, 3, 'SERVICIOS OPERATIVOS EN EMPRESAS DE ALOJAMIENTO'),
(78, 3, 'SISTEMA TURISTICO'),
(79, 3, 'SISTEMAS COMPUTARIZADOS DE ADMINISTRACION TURISTICA'),
(80, 3, 'SISTEMAS TECNOLOGICOS PARA LA PLANIFICACION TURISTICA'),
(81, 3, 'TRANSPORTE TURISTICO'),
(82, 3, 'TURISMO PARA TODOS'),
(83, 4, 'ADMINISTRACION DE OBRAS'),
(84, 4, 'DEPORTE, ARTE Y RECREACION I'),
(85, 4, 'DIBUJO LIBRE'),
(86, 4, 'DISTRIBUCION ESPACIAL'),
(87, 4, 'ELEMENTOS DE DISEÑO'),
(88, 4, 'ESTABILIZACION DE TERRENOS'),
(89, 4, 'ESTADISTICA'),
(90, 4, 'EXPRESION TRIDIMENSIONAL'),
(91, 4, 'FISICA Y ESTATICA'),
(92, 4, 'FORMACION SOCIO POLITICA'),
(93, 4, 'FORMACION SOCIOPOLITICA'),
(94, 4, 'GESTION DE PROYECTOS'),
(95, 4, 'INFORMATICA INSTRUMENTAL'),
(96, 4, 'INGLES'),
(97, 4, 'INSTALACIONES EN EDIFICACIONES'),
(98, 4, 'INSTALACIONES EN URBANIZACIONES'),
(99, 4, 'MATEMATICA II'),
(100, 4, 'MATERIALES Y TECNICAS DE CONSTRUCCION'),
(101, 4, 'PLANEAMIENTO URBANO'),
(102, 4, 'PROTECCION INTEGRAL'),
(103, 4, 'PROYECTO SOCIOTECNOLOGICO I'),
(104, 4, 'PROYECTO SOCIOTECNOLOGICO II'),
(105, 4, 'PROYECTO SOCIOTECNOLOGICO III (ADMINISTRACION, GESTION Y SUPERVISION DE PROYECTOS)'),
(106, 4, 'PROYECTOS CONSTRUCTIVOS'),
(107, 4, 'SISTEMAS CONSTRUCTIVOS'),
(108, 4, 'SISTEMAS ESTRUCTURALES I'),
(109, 4, 'SUPERVISION DE PROYECTO'),
(110, 4, 'TOPOGRAFIA Y VIALIDAD');

-- --------------------------------------------------------

--
-- Estructura de tabla para la tabla `usuario`
--

CREATE TABLE IF NOT EXISTS `usuario` (
  `user_id` int(11) NOT NULL AUTO_INCREMENT,
  `username` varchar(255) NOT NULL,
  `username_canonical` varchar(255) NOT NULL,
  `email` varchar(255) NOT NULL,
  `email_canonical` varchar(255) NOT NULL,
  `enabled` tinyint(1) NOT NULL,
  `salt` varchar(255) NOT NULL,
  `password` varchar(255) NOT NULL,
  `last_login` datetime DEFAULT NULL,
  `locked` tinyint(1) NOT NULL,
  `expired` tinyint(1) NOT NULL,
  `expires_at` datetime DEFAULT NULL,
  `confirmation_token` varchar(255) DEFAULT NULL,
  `password_requested_at` datetime DEFAULT NULL,
  `roles` longtext NOT NULL COMMENT '(DC2Type:array)',
  `credentials_expired` tinyint(1) NOT NULL,
  `credentials_expire_at` datetime DEFAULT NULL,
  `created_at` datetime NOT NULL,
  `update_at` datetime NOT NULL,
  `last_name` varchar(255) DEFAULT NULL,
  `first_name` varchar(255) DEFAULT NULL,
  `gender` varchar(1) DEFAULT NULL,
  PRIMARY KEY (`user_id`),
  UNIQUE KEY `UNIQ_2265B05D92FC23A8` (`username_canonical`),
  UNIQUE KEY `UNIQ_2265B05DA0D96FBF` (`email_canonical`)
) ENGINE=InnoDB  DEFAULT CHARSET=utf8 AUTO_INCREMENT=3 ;

--
-- Volcado de datos para la tabla `usuario`
--

INSERT INTO `usuario` (`user_id`, `username`, `username_canonical`, `email`, `email_canonical`, `enabled`, `salt`, `password`, `last_login`, `locked`, `expired`, `expires_at`, `confirmation_token`, `password_requested_at`, `roles`, `credentials_expired`, `credentials_expire_at`, `created_at`, `update_at`, `last_name`, `first_name`, `gender`) VALUES
(1, 'norka', 'norka', 'norkazuletamilian@gmail.com', 'norkazuletamilian@gmail.com', 0, 'tjwmk1osn5cocok48occ000so8gg08s', 'XcWs0s+XzuT5ysgW182Ka/O5Anpi7XiVq1rgS79TV9SEmfxBAp0VRI5L6lDGYpsY9aURN6Nkci5keVcGUCswVw==', NULL, 0, 0, NULL, NULL, NULL, 'a:0:{}', 0, NULL, '2016-04-18 18:38:08', '2016-04-18 18:38:08', NULL, NULL, NULL),
(2, 'admin', 'admin', 'efrainbonilla.dev@gmail.com', 'efrainbonilla.dev@gmail.com', 1, 'cv5m4mkhqyo0oo00ggcsk4ck4s4gkss', 'UUvIDsXto56f1rwhil7bLqY8rn3NESjXij8vG4yLCihFkXJmxsYv8Kbp3WA/z1InhZnuKZJ+UF5wBqS/WCh2cQ==', '2016-05-03 23:58:53', 0, 0, NULL, NULL, NULL, 'a:1:{i:0;s:10:"ROLE_ADMIN";}', 0, NULL, '2016-04-18 18:38:08', '2016-05-03 23:58:53', NULL, NULL, NULL);

-- --------------------------------------------------------

--
-- Estructura de tabla para la tabla `zona`
--

CREATE TABLE IF NOT EXISTS `zona` (
  `zona_id` int(11) NOT NULL AUTO_INCREMENT,
  `parroq_codi` varchar(10) DEFAULT NULL,
  `zona_nomb` varchar(100) NOT NULL,
  PRIMARY KEY (`zona_id`),
  KEY `IDX_A786041EC384E832` (`parroq_codi`)
) ENGINE=InnoDB DEFAULT CHARSET=utf8 AUTO_INCREMENT=1 ;

--
-- Restricciones para tablas volcadas
--

--
-- Filtros para la tabla `aldea`
--
ALTER TABLE `aldea`
  ADD CONSTRAINT `FK_7E614C8BC384E832` FOREIGN KEY (`parroq_codi`) REFERENCES `parroquia` (`parroq_codi`);

--
-- Filtros para la tabla `aldea_coord`
--
ALTER TABLE `aldea_coord`
  ADD CONSTRAINT `FK_D111470ECCDB9FC1` FOREIGN KEY (`aldea_codi`) REFERENCES `aldea` (`aldea_codi`),
  ADD CONSTRAINT `FK_D111470EA856AC28` FOREIGN KEY (`persona_cedu`) REFERENCES `persona` (`cedu`);

--
-- Filtros para la tabla `aldea_turno`
--
ALTER TABLE `aldea_turno`
  ADD CONSTRAINT `FK_592E0F911F4F9889` FOREIGN KEY (`turn_id`) REFERENCES `turno` (`turn_id`),
  ADD CONSTRAINT `FK_592E0F91CCDB9FC1` FOREIGN KEY (`aldea_codi`) REFERENCES `aldea` (`aldea_codi`);

--
-- Filtros para la tabla `docente`
--
ALTER TABLE `docente`
  ADD CONSTRAINT `FK_E394F139A856AC28` FOREIGN KEY (`persona_cedu`) REFERENCES `persona` (`cedu`);

--
-- Filtros para la tabla `estado`
--
ALTER TABLE `estado`
  ADD CONSTRAINT `FK_265DE1E3C604D5C6` FOREIGN KEY (`pais_id`) REFERENCES `pais` (`pais_id`);

--
-- Filtros para la tabla `estudiante`
--
ALTER TABLE `estudiante`
  ADD CONSTRAINT `FK_8FEB7ECC1BAFD1B3` FOREIGN KEY (`pnf_id`) REFERENCES `pnf` (`pnf_id`),
  ADD CONSTRAINT `FK_8FEB7ECCA856AC28` FOREIGN KEY (`persona_cedu`) REFERENCES `persona` (`cedu`);

--
-- Filtros para la tabla `municipio`
--
ALTER TABLE `municipio`
  ADD CONSTRAINT `FK_FE98F5E09ED65F7A` FOREIGN KEY (`edo_codi`) REFERENCES `estado` (`edo_codi`);

--
-- Filtros para la tabla `nota`
--
ALTER TABLE `nota`
  ADD CONSTRAINT `FK_C8D03E0D6735A52A` FOREIGN KEY (`cedu`) REFERENCES `persona` (`cedu`),
  ADD CONSTRAINT `FK_C8D03E0D76D4C273` FOREIGN KEY (`secc_id`) REFERENCES `seccion` (`secc_id`);

--
-- Filtros para la tabla `parroquia`
--
ALTER TABLE `parroquia`
  ADD CONSTRAINT `FK_23A71668BE437F36` FOREIGN KEY (`muni_codi`) REFERENCES `municipio` (`muni_codi`);

--
-- Filtros para la tabla `periodo_academico`
--
ALTER TABLE `periodo_academico`
  ADD CONSTRAINT `FK_C6BC86FCDBF7F8A` FOREIGN KEY (`pnf_tipo_id`) REFERENCES `pnf_tipo` (`tipo_id`);

--
-- Filtros para la tabla `pnf_tray_peri`
--
ALTER TABLE `pnf_tray_peri`
  ADD CONSTRAINT `FK_704C28071BAFD1B3` FOREIGN KEY (`pnf_id`) REFERENCES `pnf` (`pnf_id`),
  ADD CONSTRAINT `FK_704C2807750186B8` FOREIGN KEY (`peri_id`) REFERENCES `periodo` (`peri_id`),
  ADD CONSTRAINT `FK_704C2807E8C42A45` FOREIGN KEY (`tray_id`) REFERENCES `trayecto` (`tray_id`);

--
-- Filtros para la tabla `pnf_tray_peri_uc`
--
ALTER TABLE `pnf_tray_peri_uc`
  ADD CONSTRAINT `FK_392AB82A448D56D3` FOREIGN KEY (`ptp_id`) REFERENCES `pnf_tray_peri` (`id`),
  ADD CONSTRAINT `FK_392AB82A4783DC6D` FOREIGN KEY (`uc_id`) REFERENCES `unidad_curricular` (`uc_id`);

--
-- Filtros para la tabla `seccion`
--
ALTER TABLE `seccion`
  ADD CONSTRAINT `FK_E0BD15C91BAFD1B3` FOREIGN KEY (`pnf_id`) REFERENCES `pnf` (`pnf_id`),
  ADD CONSTRAINT `FK_E0BD15C91F4F9889` FOREIGN KEY (`turn_id`) REFERENCES `turno` (`turn_id`),
  ADD CONSTRAINT `FK_E0BD15C9256A9B96` FOREIGN KEY (`pa_id`) REFERENCES `periodo_academico` (`pa_id`),
  ADD CONSTRAINT `FK_E0BD15C94783DC6D` FOREIGN KEY (`uc_id`) REFERENCES `unidad_curricular` (`uc_id`),
  ADD CONSTRAINT `FK_E0BD15C9750186B8` FOREIGN KEY (`peri_id`) REFERENCES `periodo` (`peri_id`),
  ADD CONSTRAINT `FK_E0BD15C9CCDB9FC1` FOREIGN KEY (`aldea_codi`) REFERENCES `aldea` (`aldea_codi`),
  ADD CONSTRAINT `FK_E0BD15C9E8C42A45` FOREIGN KEY (`tray_id`) REFERENCES `trayecto` (`tray_id`);

--
-- Filtros para la tabla `seccion_doce`
--
ALTER TABLE `seccion_doce`
  ADD CONSTRAINT `FK_E89C5D556735A52A` FOREIGN KEY (`cedu`) REFERENCES `persona` (`cedu`),
  ADD CONSTRAINT `FK_E89C5D5576D4C273` FOREIGN KEY (`secc_id`) REFERENCES `seccion` (`secc_id`);

--
-- Filtros para la tabla `seccion_estu`
--
ALTER TABLE `seccion_estu`
  ADD CONSTRAINT `FK_5D28F4D66735A52A` FOREIGN KEY (`cedu`) REFERENCES `persona` (`cedu`),
  ADD CONSTRAINT `FK_5D28F4D676D4C273` FOREIGN KEY (`secc_id`) REFERENCES `seccion` (`secc_id`);

--
-- Filtros para la tabla `unidad_curricular`
--
ALTER TABLE `unidad_curricular`
  ADD CONSTRAINT `FK_C9B2928B1BAFD1B3` FOREIGN KEY (`pnf_id`) REFERENCES `pnf` (`pnf_id`);

--
-- Filtros para la tabla `zona`
--
ALTER TABLE `zona`
  ADD CONSTRAINT `FK_A786041EC384E832` FOREIGN KEY (`parroq_codi`) REFERENCES `parroquia` (`parroq_codi`);

/*!40101 SET CHARACTER_SET_CLIENT=@OLD_CHARACTER_SET_CLIENT */;
/*!40101 SET CHARACTER_SET_RESULTS=@OLD_CHARACTER_SET_RESULTS */;
/*!40101 SET COLLATION_CONNECTION=@OLD_COLLATION_CONNECTION */;
